Image,Class
1.jpg,call
2.jpg,call
3.jpg,call
4.jpg,call
5.jpg,call
6.jpg,call
6.jpg,call
7.jpg,call
8.jpg,call
9.jpg,call
10.jpg,call
11.jpg,call
12.jpg,call
13.jpg,call
14.jpg,call
15.jpg,call
16.jpg,call
17.jpg,call
18.jpg,call
19.jpg,call
20.jpg,call
21.jpg,call
22.jpg,call
23.jpg,call
24.jpg,call
25.jpg,call
26.jpg,call
27.jpg,call
28.jpg,call
29.jpg,call
30.jpg,call
31.jpg,call
32.jpg,call
33.jpg,call
34.jpg,call
35.jpg,call
36.jpg,call
37.jpg,call
38.jpg,call
39.jpg,call
40.jpg,call
41.jpg,call
42.jpg,call
43.jpg,call
44.jpg,call
45.jpg,call
46.jpg,call
47.jpg,call
48.jpg,call
49.jpg,song
50.jpg,song
51.jpg,song
52.jpg,song
53.jpg,song
54.jpg,song
55.jpg,song
56.jpg,song
57.jpg,song
59.jpg,song
60.jpg,song
61.jpg,song
62.jpg,song
63.jpg,song
64.jpg,song
65.jpg,song
66.jpg,song
67.jpg,song
68.jpg,song
69.jpg,song
70.jpg,song
71.jpg,song
72.jpg,song
73.jpg,song
74.jpg,song
75.jpg,song
76.jpg,song
77.jpg,song
78.jpg,song
79.jpg,song
80.jpg,song
81.jpg,song
82.jpg,song
83.jpg,song
84.jpg,song
85.jpg,song
86.jpg,song
87.jpg,song
88.jpg,song
89.jpg,song
90.jpg,song
91.jpg,song
92.jpg,song
93.jpg,song
94.jpg,song
95.jpg,song
96.jpg,song